nodes,gpus_per_node,model,local_batch_size,samples_per_sec
1,1,ViT-B-32,256,488.4376862206344
1,6,ViT-B-32,256,2946.0310377736428
2,6,ViT-B-32,256,5831.096279539799
4,6,ViT-B-32,256,11383.341437089124
8,6,ViT-B-32,256,22478.2017689488
16,6,ViT-B-32,256,43421.459353604616
32,6,ViT-B-32,256,76460.06381516496
64,6,ViT-B-32,256,133197.2698893646
