nodes,gpus_per_node,model,local_batch_size,samples_per_sec,secs_per_batch
1,1,ViT-B-32,256,488.4376862206344,0.5241200816850178
1,6,ViT-B-32,256,2946.0310377736428,0.5213794356901199
2,6,ViT-B-32,256,5831.096279539799,0.5268306082990021
4,6,ViT-B-32,256,11383.341437089124,0.5397360725719482
8,6,ViT-B-32,256,22478.2017689488,0.5466629460090772
16,6,ViT-B-32,256,43421.459353604616,0.5659874257072807
32,6,ViT-B-32,256,76460.06381516496,0.6428453959811014
64,6,ViT-B-32,256,133197.2698893646,0.7380331449860241
128,6,ViT-B-32,256,170397.3861071271,1.153820516216103
